{"Ensemble#779d714f-49a4-41d7-a278-e24349966fa4":"ensemble3.html","EnsembleRequestDTO#779d714f-49a4-41d7-a278-e24349966fa4":"ensemble3.html","User#779d714f-49a4-41d7-a278-e24349966fa4":"user3.html","UserEditRequestDTO#779d714f-49a4-41d7-a278-e24349966fa4":"user3.html","ResponseUserEditDTO#779d714f-49a4-41d7-a278-e24349966fa4":"user3.html","RegisterRequestDTO#779d714f-49a4-41d7-a278-e24349966fa4":"registerrequestdto2.html","LoginRequestDTO#779d714f-49a4-41d7-a278-e24349966fa4":"registerrequestdto2.html","ResponseEntity#779d714f-49a4-41d7-a278-e24349966fa4":"responseentity2.html","PomodoroStoryRequestDTO#779d714f-49a4-41d7-a278-e24349966fa4":"pomodorostoryrequestdto2.html","FavoriteRequestDTO#779d714f-49a4-41d7-a278-e24349966fa4":"favoriterequestdto2.html","BoxRequestDTO#779d714f-49a4-41d7-a278-e24349966fa4":"boxrequestdto2.html","GetByIdResponse#779d714f-49a4-41d7-a278-e24349966fa4":"getbyidresponse2.html","ResponseCommonDTO#779d714f-49a4-41d7-a278-e24349966fa4":"responsecommondto2.html","Flashcard#779d714f-49a4-41d7-a278-e24349966fa4":"flashcard2.html","FlashcardRequestEditDTO#779d714f-49a4-41d7-a278-e24349966fa4":"flashcard2.html","FlashcardRequestDTO#779d714f-49a4-41d7-a278-e24349966fa4":"flashcard2.html","PurchaseRequestDTO#779d714f-49a4-41d7-a278-e24349966fa4":"purchaserequestdto2.html"}