{"entities":{"pages":{"Sumario":{"id":"Sumario","title":"Sumario","url":"sumario.html","level":0,"tabIndex":0},"starter":{"id":"starter","title":"Introdução","url":"starter.html","level":0,"tabIndex":1},"Desenvolvimento":{"id":"Desenvolvimento","title":"Desenvolvimento","url":"desenvolvimento.html","level":0,"pages":["Projeto","Mercado"],"tabIndex":2},"Projeto":{"id":"Projeto","title":"Projeto","url":"projeto.html","level":1,"parentId":"Desenvolvimento","tabIndex":0},"Mercado":{"id":"Mercado","title":"Mercado","url":"mercado.html","level":1,"parentId":"Desenvolvimento","tabIndex":1},"Engenharia-de-Software":{"id":"Engenharia-de-Software","title":"Engenharia de Software","url":"engenharia-de-software.html","level":0,"pages":["Engenharia-de-Requisitos","Arquitetura-de-Informação"],"tabIndex":3},"Engenharia-de-Requisitos":{"id":"Engenharia-de-Requisitos","title":"Requisitos","url":"engenharia-de-requisitos.html","level":1,"parentId":"Engenharia-de-Software","tabIndex":0},"Arquitetura-de-Informação":{"id":"Arquitetura-de-Informação","title":"Arquitetura de Informação","url":"arquitetura-de-informação.html","level":1,"parentId":"Engenharia-de-Software","pages":["Wireframe-ou-Prótotipo","Modelagem-De-Dados","Modelagem-Inicial"],"tabIndex":1},"Wireframe-ou-Prótotipo":{"id":"Wireframe-ou-Prótotipo","title":"Wireframe ou Prótotipo","url":"wireframe-ou-prótotipo.html","level":2,"parentId":"Arquitetura-de-Informação","tabIndex":0},"Modelagem-De-Dados":{"id":"Modelagem-De-Dados","title":"Banco de Dados","url":"modelagem-de-dados.html","level":2,"parentId":"Arquitetura-de-Informação","tabIndex":1},"Modelagem-Inicial":{"id":"Modelagem-Inicial","title":"Diagramas UML","url":"modelagem-inicial.html","level":2,"parentId":"Arquitetura-de-Informação","pages":["Diagrama-de-Sequencia","Diagrama-de-Casos-de-Uso"],"tabIndex":2},"Diagrama-de-Sequencia":{"id":"Diagrama-de-Sequencia","title":"Diagrama de Sequencia","url":"diagrama-de-sequencia.html","level":3,"parentId":"Modelagem-Inicial","tabIndex":0},"Diagrama-de-Casos-de-Uso":{"id":"Diagrama-de-Casos-de-Uso","title":"Diagrama de Casos de Uso","url":"diagrama-de-casos-de-uso.html","level":3,"parentId":"Modelagem-Inicial","tabIndex":1},"Tecnologias-Utilizadas":{"id":"Tecnologias-Utilizadas","title":"Tecnologias Utilizadas","url":"tecnologias-utilizadas.html","level":0,"tabIndex":4},"Manual-do-Usuário":{"id":"Manual-do-Usuário","title":"Manual do Usuário","url":"manual-do-usuário.html","level":0,"tabIndex":5},"Mapa-do-Site":{"id":"Mapa-do-Site","title":"Mapa do Site","url":"mapa-do-site.html","level":0,"tabIndex":6},"Conclusão":{"id":"Conclusão","title":"Conclusão","url":"conclusão.html","level":0,"tabIndex":7},"Referencias-Bibliográficas":{"id":"Referencias-Bibliográficas","title":"Referencias Bibliográficas","url":"referencias-bibliográficas.html","level":0,"tabIndex":8}}},"topLevelIds":["Sumario","starter","Desenvolvimento","Engenharia-de-Software","Tecnologias-Utilizadas","Manual-do-Usuário","Mapa-do-Site","Conclusão","Referencias-Bibliográficas"]}