{"entities":{"pages":{"starter":{"id":"starter","title":"Introdução","url":"starter.html","level":0,"tabIndex":0},"BDR":{"id":"BDR","title":"BRD","url":"bdr.html","level":0,"tabIndex":1},"Desenvolvimento":{"id":"Desenvolvimento","title":"Desenvolvimento","url":"desenvolvimento.html","level":0,"pages":["Processo-de-Desenvolvimento"],"tabIndex":2},"Processo-de-Desenvolvimento":{"id":"Processo-de-Desenvolvimento","title":"Processo de Desenvolvimento","url":"processo-de-desenvolvimento.html","level":1,"parentId":"Desenvolvimento","pages":["Daily-Meeting-Report"],"tabIndex":0},"Daily-Meeting-Report":{"id":"Daily-Meeting-Report","title":"Daily Meeting Report","url":"daily-meeting-report.html","level":2,"parentId":"Processo-de-Desenvolvimento","tabIndex":0},"Engenharia-de-Software":{"id":"Engenharia-de-Software","title":"Engenharia de Software","url":"engenharia-de-software.html","level":0,"tabIndex":3},"Tecnologias-Utilizadas":{"id":"Tecnologias-Utilizadas","title":"Tecnologias Utilizadas","url":"tecnologias-utilizadas.html","level":0,"tabIndex":4},"Manual-do-Usuário":{"id":"Manual-do-Usuário","title":"Manual do Usuário","url":"manual-do-usuário.html","level":0,"tabIndex":5},"Mapa-do-Site":{"id":"Mapa-do-Site","title":"Mapa do Site","url":"mapa-do-site.html","level":0,"tabIndex":6},"API_Reference3":{"id":"API_Reference3","title":"API Reference","url":"api-reference3.html","level":0,"pages":["Schemas3","Auth-Endpoints","User-Endpoints","Ensemble-Endpoints","Flashcard-Enpoints","PomodoroStory-Endpoints","Favorite-Endpoints","Box-Enpoints","Purchase-Endpoints"],"tabIndex":7},"Schemas3":{"id":"Schemas3","title":"Schemas","url":"schemas3.html","level":1,"parentId":"API_Reference3","pages":["PurchaseRequestDTO2","PomodoroStoryRequestDTO2","FavoriteRequestDTO2","BoxRequestDTO2","GetByIdResponse2","ResponseCommonDTO2","Flashcard2","Ensemble3","User3","RegisterRequestDTO2","ResponseEntity2"],"tabIndex":0},"PurchaseRequestDTO2":{"id":"PurchaseRequestDTO2","title":"Purchase Schemas","url":"purchaserequestdto2.html","level":2,"parentId":"Schemas3","tabIndex":0},"PomodoroStoryRequestDTO2":{"id":"PomodoroStoryRequestDTO2","title":"PomodoroStory  Schemas","url":"pomodorostoryrequestdto2.html","level":2,"parentId":"Schemas3","tabIndex":1},"FavoriteRequestDTO2":{"id":"FavoriteRequestDTO2","title":"Favorite Schemas","url":"favoriterequestdto2.html","level":2,"parentId":"Schemas3","tabIndex":2},"BoxRequestDTO2":{"id":"BoxRequestDTO2","title":"Box Schemas","url":"boxrequestdto2.html","level":2,"parentId":"Schemas3","tabIndex":3},"GetByIdResponse2":{"id":"GetByIdResponse2","title":"GetByIdResponse","url":"getbyidresponse2.html","level":2,"parentId":"Schemas3","tabIndex":4},"ResponseCommonDTO2":{"id":"ResponseCommonDTO2","title":"ResponseCommonDTO","url":"responsecommondto2.html","level":2,"parentId":"Schemas3","tabIndex":5},"Flashcard2":{"id":"Flashcard2","title":"Flashcard Schemas","url":"flashcard2.html","level":2,"parentId":"Schemas3","tabIndex":6},"Ensemble3":{"id":"Ensemble3","title":"Ensemble Schemas","url":"ensemble3.html","level":2,"parentId":"Schemas3","tabIndex":7},"User3":{"id":"User3","title":"User Schemas","url":"user3.html","level":2,"parentId":"Schemas3","tabIndex":8},"RegisterRequestDTO2":{"id":"RegisterRequestDTO2","title":"Auth Schemas","url":"registerrequestdto2.html","level":2,"parentId":"Schemas3","tabIndex":9},"ResponseEntity2":{"id":"ResponseEntity2","title":"ResponseEntity","url":"responseentity2.html","level":2,"parentId":"Schemas3","tabIndex":10},"Auth-Endpoints":{"id":"Auth-Endpoints","title":"Auth Endpoints","url":"auth-endpoints.html","level":1,"parentId":"API_Reference3","pages":["POST_auth_login","POST_auth_register"],"tabIndex":1},"POST_auth_login":{"id":"POST_auth_login","title":"POST auth/login","url":"post-auth-login.html","level":2,"parentId":"Auth-Endpoints","tabIndex":0},"POST_auth_register":{"id":"POST_auth_register","title":"POST auth/register","url":"post-auth-register.html","level":2,"parentId":"Auth-Endpoints","tabIndex":1},"User-Endpoints":{"id":"User-Endpoints","title":"User Endpoints","url":"user-endpoints.html","level":1,"parentId":"API_Reference3","pages":["GET_user","GET_user_userId_","PUT_user_userId_","DELETE_user_userId_"],"tabIndex":2},"GET_user":{"id":"GET_user","title":"GET user","url":"get-user.html","level":2,"parentId":"User-Endpoints","tabIndex":0},"GET_user_userId_":{"id":"GET_user_userId_","title":"GET user/{userId}","url":"get-user-userid.html","level":2,"parentId":"User-Endpoints","tabIndex":1},"PUT_user_userId_":{"id":"PUT_user_userId_","title":"PUT user/{userId}","url":"put-user-userid.html","level":2,"parentId":"User-Endpoints","tabIndex":2},"DELETE_user_userId_":{"id":"DELETE_user_userId_","title":"DELETE user/{userId}","url":"delete-user-userid.html","level":2,"parentId":"User-Endpoints","tabIndex":3},"Ensemble-Endpoints":{"id":"Ensemble-Endpoints","title":"Ensemble Endpoints","url":"ensemble-endpoints.html","level":1,"parentId":"API_Reference3","pages":["GET_ensemble_ensembleId_","PUT_ensemble_ensembleId_","DELETE_ensemble_ensembleId_","GET_ensemble2","POST_ensemble"],"tabIndex":3},"GET_ensemble_ensembleId_":{"id":"GET_ensemble_ensembleId_","title":"GET ensemble/{ensembleId}","url":"get-ensemble-ensembleid.html","level":2,"parentId":"Ensemble-Endpoints","tabIndex":0},"PUT_ensemble_ensembleId_":{"id":"PUT_ensemble_ensembleId_","title":"PUT ensemble/{ensembleId}","url":"put-ensemble-ensembleid.html","level":2,"parentId":"Ensemble-Endpoints","tabIndex":1},"DELETE_ensemble_ensembleId_":{"id":"DELETE_ensemble_ensembleId_","title":"DELETE ensemble/{ensembleId}","url":"delete-ensemble-ensembleid.html","level":2,"parentId":"Ensemble-Endpoints","tabIndex":2},"GET_ensemble2":{"id":"GET_ensemble2","title":"GET ensemble/","url":"get-ensemble2.html","level":2,"parentId":"Ensemble-Endpoints","tabIndex":3},"POST_ensemble":{"id":"POST_ensemble","title":"POST ensemble/","url":"post-ensemble.html","level":2,"parentId":"Ensemble-Endpoints","tabIndex":4},"Flashcard-Enpoints":{"id":"Flashcard-Enpoints","title":"Flashcard Endpoints","url":"flashcard-enpoints.html","level":1,"parentId":"API_Reference3","pages":["GET_flashcard_flashcardId_","PUT_flashcard_flashcardId_","DELETE_flashcard_flashcardId_","GET_flashcard","POST_flashcard","GET_flashcard_ensemble_ensemble_"],"tabIndex":4},"GET_flashcard_flashcardId_":{"id":"GET_flashcard_flashcardId_","title":"GET flashcard/{flashcardId}","url":"get-flashcard-flashcardid.html","level":2,"parentId":"Flashcard-Enpoints","tabIndex":0},"PUT_flashcard_flashcardId_":{"id":"PUT_flashcard_flashcardId_","title":"PUT flashcard/{flashcardId}","url":"put-flashcard-flashcardid.html","level":2,"parentId":"Flashcard-Enpoints","tabIndex":1},"DELETE_flashcard_flashcardId_":{"id":"DELETE_flashcard_flashcardId_","title":"DELETE flashcard/{flashcardId}","url":"delete-flashcard-flashcardid.html","level":2,"parentId":"Flashcard-Enpoints","tabIndex":2},"GET_flashcard":{"id":"GET_flashcard","title":"GET flashcard/","url":"get-flashcard.html","level":2,"parentId":"Flashcard-Enpoints","tabIndex":3},"POST_flashcard":{"id":"POST_flashcard","title":"POST flashcard/","url":"post-flashcard.html","level":2,"parentId":"Flashcard-Enpoints","tabIndex":4},"GET_flashcard_ensemble_ensemble_":{"id":"GET_flashcard_ensemble_ensemble_","title":"GET flashcard/ensemble/{ensemble}","url":"get-flashcard-ensemble-ensemble.html","level":2,"parentId":"Flashcard-Enpoints","tabIndex":5},"PomodoroStory-Endpoints":{"id":"PomodoroStory-Endpoints","title":"PomodoroStory Endpoints","url":"pomodorostory-endpoints.html","level":1,"parentId":"API_Reference3","pages":["GET_pomodoro_story_pomodoroStoryId_","PUT_pomodoro_story_pomodoroStoryId_","POST_pomodoro_story_pomodoroStoryId_","GET_pomodoro_story"],"tabIndex":5},"GET_pomodoro_story_pomodoroStoryId_":{"id":"GET_pomodoro_story_pomodoroStoryId_","title":"GET pomodoro-story/{pomodoroStoryId}","url":"get-pomodoro-story-pomodorostoryid.html","level":2,"parentId":"PomodoroStory-Endpoints","tabIndex":0},"PUT_pomodoro_story_pomodoroStoryId_":{"id":"PUT_pomodoro_story_pomodoroStoryId_","title":"PUT pomodoro-story/{pomodoroStoryId}","url":"put-pomodoro-story-pomodorostoryid.html","level":2,"parentId":"PomodoroStory-Endpoints","tabIndex":1},"POST_pomodoro_story_pomodoroStoryId_":{"id":"POST_pomodoro_story_pomodoroStoryId_","title":"POST pomodoro-story/{pomodoroStoryId}","url":"post-pomodoro-story-pomodorostoryid.html","level":2,"parentId":"PomodoroStory-Endpoints","tabIndex":2},"GET_pomodoro_story":{"id":"GET_pomodoro_story","title":"GET pomodoro-story/","url":"get-pomodoro-story.html","level":2,"parentId":"PomodoroStory-Endpoints","tabIndex":3},"Favorite-Endpoints":{"id":"Favorite-Endpoints","title":"Favorite Endpoints","url":"favorite-endpoints.html","level":1,"parentId":"API_Reference3","pages":["GET_favorite_favoriteId_","PUT_favorite_favoriteId_","DELETE_favorite_favoriteId_","GET_favorite","POST_favorite"],"tabIndex":6},"GET_favorite_favoriteId_":{"id":"GET_favorite_favoriteId_","title":"GET favorite/{favoriteId}","url":"get-favorite-favoriteid.html","level":2,"parentId":"Favorite-Endpoints","tabIndex":0},"PUT_favorite_favoriteId_":{"id":"PUT_favorite_favoriteId_","title":"PUT favorite/{favoriteId}","url":"put-favorite-favoriteid.html","level":2,"parentId":"Favorite-Endpoints","tabIndex":1},"DELETE_favorite_favoriteId_":{"id":"DELETE_favorite_favoriteId_","title":"DELETE favorite/{favoriteId}","url":"delete-favorite-favoriteid.html","level":2,"parentId":"Favorite-Endpoints","tabIndex":2},"GET_favorite":{"id":"GET_favorite","title":"GET favorite/","url":"get-favorite.html","level":2,"parentId":"Favorite-Endpoints","tabIndex":3},"POST_favorite":{"id":"POST_favorite","title":"POST favorite/","url":"post-favorite.html","level":2,"parentId":"Favorite-Endpoints","tabIndex":4},"Box-Enpoints":{"id":"Box-Enpoints","title":"Box Endpoints","url":"box-enpoints.html","level":1,"parentId":"API_Reference3","pages":["PUT_box_favoriteId_","DELETE_box_favoriteId_","GET_box","POST_box","GET_box_boxId_"],"tabIndex":7},"PUT_box_favoriteId_":{"id":"PUT_box_favoriteId_","title":"PUT box/{favoriteId}","url":"put-box-favoriteid.html","level":2,"parentId":"Box-Enpoints","tabIndex":0},"DELETE_box_favoriteId_":{"id":"DELETE_box_favoriteId_","title":"DELETE box/{favoriteId}","url":"delete-box-favoriteid.html","level":2,"parentId":"Box-Enpoints","tabIndex":1},"GET_box":{"id":"GET_box","title":"GET box/","url":"get-box.html","level":2,"parentId":"Box-Enpoints","tabIndex":2},"POST_box":{"id":"POST_box","title":"POST box/","url":"post-box.html","level":2,"parentId":"Box-Enpoints","tabIndex":3},"GET_box_boxId_":{"id":"GET_box_boxId_","title":"GET box/{boxId}","url":"get-box-boxid.html","level":2,"parentId":"Box-Enpoints","tabIndex":4},"Purchase-Endpoints":{"id":"Purchase-Endpoints","title":"Purchase Endpoints","url":"purchase-endpoints.html","level":1,"parentId":"API_Reference3","pages":["GET_purchase_purchaseId_","PUT_purchase_purchaseId_","POST_purchase_purchaseId_","DELETE_purchase_purchaseId_","GET_purchase"],"tabIndex":8},"GET_purchase_purchaseId_":{"id":"GET_purchase_purchaseId_","title":"GET purchase/{purchaseId}","url":"get-purchase-purchaseid.html","level":2,"parentId":"Purchase-Endpoints","tabIndex":0},"PUT_purchase_purchaseId_":{"id":"PUT_purchase_purchaseId_","title":"PUT purchase/{purchaseId}","url":"put-purchase-purchaseid.html","level":2,"parentId":"Purchase-Endpoints","tabIndex":1},"POST_purchase_purchaseId_":{"id":"POST_purchase_purchaseId_","title":"POST purchase/{purchaseId}","url":"post-purchase-purchaseid.html","level":2,"parentId":"Purchase-Endpoints","tabIndex":2},"DELETE_purchase_purchaseId_":{"id":"DELETE_purchase_purchaseId_","title":"DELETE purchase/{purchaseId}","url":"delete-purchase-purchaseid.html","level":2,"parentId":"Purchase-Endpoints","tabIndex":3},"GET_purchase":{"id":"GET_purchase","title":"GET purchase/","url":"get-purchase.html","level":2,"parentId":"Purchase-Endpoints","tabIndex":4},"Conclusão":{"id":"Conclusão","title":"Conclusão","url":"conclusão.html","level":0,"tabIndex":8},"Referencias-Bibliográficas":{"id":"Referencias-Bibliográficas","title":"Referencias Bibliográficas","url":"referencias-bibliográficas.html","level":0,"tabIndex":9}}},"topLevelIds":["starter","BDR","Desenvolvimento","Engenharia-de-Software","Tecnologias-Utilizadas","Manual-do-Usuário","Mapa-do-Site","API_Reference3","Conclusão","Referencias-Bibliográficas"]}