{"login#bb1ae142-c0dc-432f-9241-222f7e003d6a":"api-documentation.html","register#bb1ae142-c0dc-432f-9241-222f7e003d6a":"api-documentation.html","getResourceAById#bb1ae142-c0dc-432f-9241-222f7e003d6a":"api-documentation.html","updateResourceA#bb1ae142-c0dc-432f-9241-222f7e003d6a":"api-documentation.html","deleteResourceA#bb1ae142-c0dc-432f-9241-222f7e003d6a":"api-documentation.html","getAllResourceA#bb1ae142-c0dc-432f-9241-222f7e003d6a":"api-documentation.html","createResourceA#bb1ae142-c0dc-432f-9241-222f7e003d6a":"api-documentation.html","getResourceBById#bb1ae142-c0dc-432f-9241-222f7e003d6a":"api-documentation.html","updateResourceB#bb1ae142-c0dc-432f-9241-222f7e003d6a":"api-documentation.html","deleteResourceB#bb1ae142-c0dc-432f-9241-222f7e003d6a":"api-documentation.html","getAllResourceB#bb1ae142-c0dc-432f-9241-222f7e003d6a":"api-documentation.html","createResourceB#bb1ae142-c0dc-432f-9241-222f7e003d6a":"api-documentation.html","getResourceCById#bb1ae142-c0dc-432f-9241-222f7e003d6a":"api-documentation.html","updateResourceC#bb1ae142-c0dc-432f-9241-222f7e003d6a":"api-documentation.html","deleteResourceC#bb1ae142-c0dc-432f-9241-222f7e003d6a":"api-documentation.html","getAllResourceC#bb1ae142-c0dc-432f-9241-222f7e003d6a":"api-documentation.html","getResourceDById#bb1ae142-c0dc-432f-9241-222f7e003d6a":"api-documentation.html","updateResourceD#bb1ae142-c0dc-432f-9241-222f7e003d6a":"api-documentation.html","deleteResourceD#bb1ae142-c0dc-432f-9241-222f7e003d6a":"api-documentation.html","getAllResourceD#bb1ae142-c0dc-432f-9241-222f7e003d6a":"api-documentation.html","createResourceD#bb1ae142-c0dc-432f-9241-222f7e003d6a":"api-documentation.html","getResourceEById#bb1ae142-c0dc-432f-9241-222f7e003d6a":"api-documentation.html","updateResourceE#bb1ae142-c0dc-432f-9241-222f7e003d6a":"api-documentation.html","createResourceE#bb1ae142-c0dc-432f-9241-222f7e003d6a":"api-documentation.html","getAllResourceE#bb1ae142-c0dc-432f-9241-222f7e003d6a":"api-documentation.html","getResourceFById#bb1ae142-c0dc-432f-9241-222f7e003d6a":"api-documentation.html","updateResourceF#bb1ae142-c0dc-432f-9241-222f7e003d6a":"api-documentation.html","createResourceF#bb1ae142-c0dc-432f-9241-222f7e003d6a":"api-documentation.html","deleteResourceF#bb1ae142-c0dc-432f-9241-222f7e003d6a":"api-documentation.html","getAllResourceF#bb1ae142-c0dc-432f-9241-222f7e003d6a":"api-documentation.html"}